id,image_url,user_id,created_dat
1,http://elijah.biz,1,"2024-06-28 21:41:37"
2,https://shanon.org,1,"2024-06-28 21:41:37"
3,http://vicky.biz,1,"2024-06-28 21:41:37"
4,http://oleta.net,1,"2024-06-28 21:41:37"
5,https://jennings.biz,1,"2024-06-28 21:41:37"
6,https://quinn.biz,2,"2024-06-28 21:41:37"
7,https://selina.name,2,"2024-06-28 21:41:37"
8,http://malvina.org,2,"2024-06-28 21:41:37"
9,https://branson.biz,2,"2024-06-28 21:41:37"
10,https://elenor.name,3,"2024-06-28 21:41:37"
11,https://marcelino.com,3,"2024-06-28 21:41:37"
12,http://felicity.name,3,"2024-06-28 21:41:37"
13,https://fred.com,3,"2024-06-28 21:41:37"
14,https://gerhard.biz,4,"2024-06-28 21:41:37"
15,https://sherwood.net,4,"2024-06-28 21:41:37"
16,https://maudie.org,4,"2024-06-28 21:41:37"
17,http://annamae.name,6,"2024-06-28 21:41:37"
18,https://mac.org,6,"2024-06-28 21:41:37"
19,http://miracle.info,6,"2024-06-28 21:41:37"
20,http://emmet.com,6,"2024-06-28 21:41:37"
21,https://lisa.com,6,"2024-06-28 21:41:37"
22,https://brooklyn.name,8,"2024-06-28 21:41:37"
23,http://madison.net,8,"2024-06-28 21:41:37"
24,http://annie.name,8,"2024-06-28 21:41:37"
25,http://darron.info,8,"2024-06-28 21:41:37"
26,http://saige.com,9,"2024-06-28 21:41:37"
27,https://reece.net,9,"2024-06-28 21:41:37"
28,http://vance.org,9,"2024-06-28 21:41:37"
29,http://ignacio.net,9,"2024-06-28 21:41:37"
30,http://kenny.com,10,"2024-06-28 21:41:37"
31,http://remington.name,10,"2024-06-28 21:41:37"
32,http://kurtis.info,10,"2024-06-28 21:41:37"
33,https://alisha.com,11,"2024-06-28 21:41:37"
34,https://henderson.com,11,"2024-06-28 21:41:37"
35,http://bonnie.info,11,"2024-06-28 21:41:37"
36,http://kennith.net,11,"2024-06-28 21:41:37"
37,http://camille.name,11,"2024-06-28 21:41:37"
38,http://alena.net,12,"2024-06-28 21:41:37"
39,http://ralph.name,12,"2024-06-28 21:41:37"
40,https://tyshawn.com,12,"2024-06-28 21:41:37"
41,https://adella.net,12,"2024-06-28 21:41:37"
42,https://cielo.info,13,"2024-06-28 21:41:37"
43,https://easter.net,13,"2024-06-28 21:41:37"
44,http://golden.org,13,"2024-06-28 21:41:37"
45,http://kendall.biz,13,"2024-06-28 21:41:37"
46,https://glenda.info,13,"2024-06-28 21:41:37"
47,http://dominic.biz,15,"2024-06-28 21:41:37"
48,http://tressie.info,15,"2024-06-28 21:41:37"
49,http://estevan.org,15,"2024-06-28 21:41:37"
50,http://zena.com,15,"2024-06-28 21:41:37"
51,https://abagail.com,16,"2024-06-28 21:41:37"
52,https://hershel.com,16,"2024-06-28 21:41:37"
53,http://collin.com,16,"2024-06-28 21:41:37"
54,https://clair.com,16,"2024-06-28 21:41:37"
55,https://deondre.com,17,"2024-06-28 21:41:37"
56,http://tristin.name,17,"2024-06-28 21:41:37"
57,http://kirk.org,17,"2024-06-28 21:41:37"
58,https://modesta.info,18,"2024-06-28 21:41:37"
59,http://rylan.biz,19,"2024-06-28 21:41:37"
60,https://noemie.com,19,"2024-06-28 21:41:37"
61,https://dejon.name,20,"2024-06-28 21:41:37"
62,https://rigoberto.net,22,"2024-06-28 21:41:37"
63,http://megane.biz,23,"2024-06-28 21:41:37"
64,http://emmalee.org,23,"2024-06-28 21:41:37"
65,http://nathan.net,23,"2024-06-28 21:41:37"
66,http://lionel.net,23,"2024-06-28 21:41:37"
67,http://danyka.net,23,"2024-06-28 21:41:37"
68,https://woodrow.com,23,"2024-06-28 21:41:37"
69,http://harvey.info,23,"2024-06-28 21:41:37"
70,http://aiden.org,23,"2024-06-28 21:41:37"
71,https://tito.name,23,"2024-06-28 21:41:37"
72,https://julian.net,23,"2024-06-28 21:41:37"
73,https://mafalda.org,23,"2024-06-28 21:41:37"
74,http://verner.org,23,"2024-06-28 21:41:37"
75,https://elmore.org,26,"2024-06-28 21:41:37"
76,http://kasandra.com,26,"2024-06-28 21:41:37"
77,https://jarret.info,26,"2024-06-28 21:41:37"
78,http://einar.net,26,"2024-06-28 21:41:37"
79,http://terry.info,26,"2024-06-28 21:41:37"
80,https://holden.com,27,"2024-06-28 21:41:37"
81,https://jacinto.org,28,"2024-06-28 21:41:37"
82,https://geoffrey.info,28,"2024-06-28 21:41:37"
83,http://paxton.com,28,"2024-06-28 21:41:37"
84,https://trinity.biz,28,"2024-06-28 21:41:37"
85,http://fabiola.org,29,"2024-06-28 21:41:37"
86,https://bryce.org,29,"2024-06-28 21:41:37"
87,http://emery.net,29,"2024-06-28 21:41:37"
88,https://marian.biz,29,"2024-06-28 21:41:37"
89,https://kennedi.org,29,"2024-06-28 21:41:37"
90,https://fanny.net,29,"2024-06-28 21:41:37"
91,http://lottie.net,29,"2024-06-28 21:41:37"
92,http://lacy.biz,29,"2024-06-28 21:41:37"
93,https://jensen.name,30,"2024-06-28 21:41:37"
94,http://virginia.org,30,"2024-06-28 21:41:37"
95,https://ariel.net,31,"2024-06-28 21:41:37"
96,http://roger.info,32,"2024-06-28 21:41:37"
97,https://carolanne.com,32,"2024-06-28 21:41:37"
98,https://margarita.info,32,"2024-06-28 21:41:37"
99,https://kayden.biz,32,"2024-06-28 21:41:37"
100,https://brook.com,33,"2024-06-28 21:41:37"
101,https://gust.net,33,"2024-06-28 21:41:37"
102,http://bridie.name,33,"2024-06-28 21:41:37"
103,http://barton.name,33,"2024-06-28 21:41:37"
104,https://karina.biz,33,"2024-06-28 21:41:37"
105,https://mariam.com,35,"2024-06-28 21:41:37"
106,https://trycia.com,35,"2024-06-28 21:41:37"
107,https://everette.biz,37,"2024-06-28 21:41:37"
108,http://boris.biz,38,"2024-06-28 21:41:37"
109,http://arthur.name,38,"2024-06-28 21:41:37"
110,https://cesar.com,39,"2024-06-28 21:41:37"
111,http://charlie.com,40,"2024-06-28 21:41:37"
112,https://lina.biz,42,"2024-06-28 21:41:37"
113,https://darwin.net,42,"2024-06-28 21:41:37"
114,https://aliyah.biz,42,"2024-06-28 21:41:37"
115,http://euna.info,43,"2024-06-28 21:41:37"
116,https://maymie.net,43,"2024-06-28 21:41:37"
117,http://joanie.name,43,"2024-06-28 21:41:37"
118,http://whitney.net,43,"2024-06-28 21:41:37"
119,http://garrison.name,43,"2024-06-28 21:41:37"
120,https://olga.org,44,"2024-06-28 21:41:37"
121,https://donavon.org,44,"2024-06-28 21:41:37"
122,http://moses.biz,44,"2024-06-28 21:41:37"
123,http://shannon.org,44,"2024-06-28 21:41:37"
124,http://kendrick.net,46,"2024-06-28 21:41:37"
125,https://carey.com,46,"2024-06-28 21:41:37"
126,http://lia.biz,46,"2024-06-28 21:41:37"
127,https://celestine.name,46,"2024-06-28 21:41:37"
128,http://laila.info,47,"2024-06-28 21:41:37"
129,http://buddy.com,47,"2024-06-28 21:41:37"
130,http://americo.biz,47,"2024-06-28 21:41:37"
131,http://lurline.info,47,"2024-06-28 21:41:37"
132,http://kailee.org,47,"2024-06-28 21:41:37"
133,https://edyth.com,48,"2024-06-28 21:41:37"
134,https://isaias.biz,50,"2024-06-28 21:41:37"
135,http://rosetta.net,50,"2024-06-28 21:41:37"
136,https://marianna.info,50,"2024-06-28 21:41:37"
137,https://roel.org,51,"2024-06-28 21:41:37"
138,http://julia.info,51,"2024-06-28 21:41:37"
139,https://seamus.org,51,"2024-06-28 21:41:37"
140,https://earline.info,51,"2024-06-28 21:41:37"
141,http://quinten.info,51,"2024-06-28 21:41:37"
142,https://dolores.org,52,"2024-06-28 21:41:37"
143,https://aimee.info,52,"2024-06-28 21:41:37"
144,https://roderick.name,52,"2024-06-28 21:41:37"
145,https://jarret.name,52,"2024-06-28 21:41:37"
146,https://cathrine.com,52,"2024-06-28 21:41:37"
147,https://adela.com,55,"2024-06-28 21:41:37"
148,https://demarco.com,56,"2024-06-28 21:41:37"
149,https://lila.biz,58,"2024-06-28 21:41:37"
150,http://ruben.net,58,"2024-06-28 21:41:37"
151,https://alia.name,58,"2024-06-28 21:41:37"
152,http://rickey.name,58,"2024-06-28 21:41:37"
153,http://janie.com,58,"2024-06-28 21:41:37"
154,http://myron.org,58,"2024-06-28 21:41:37"
155,http://pearl.info,58,"2024-06-28 21:41:37"
156,http://victoria.biz,58,"2024-06-28 21:41:37"
157,https://carmella.com,59,"2024-06-28 21:41:37"
158,http://leo.com,59,"2024-06-28 21:41:37"
159,http://jedediah.net,59,"2024-06-28 21:41:37"
160,http://sedrick.net,59,"2024-06-28 21:41:37"
161,https://clare.org,59,"2024-06-28 21:41:37"
162,https://malcolm.name,59,"2024-06-28 21:41:37"
163,https://lesly.com,59,"2024-06-28 21:41:37"
164,https://roberta.net,59,"2024-06-28 21:41:37"
165,https://estell.info,59,"2024-06-28 21:41:37"
166,http://kaleigh.biz,59,"2024-06-28 21:41:37"
167,http://blanca.org,60,"2024-06-28 21:41:37"
168,http://delpha.com,60,"2024-06-28 21:41:37"
169,http://annabelle.org,61,"2024-06-28 21:41:37"
170,http://ephraim.com,62,"2024-06-28 21:41:37"
171,https://dameon.name,62,"2024-06-28 21:41:37"
172,https://julianne.org,63,"2024-06-28 21:41:37"
173,https://jasmin.biz,63,"2024-06-28 21:41:37"
174,https://delbert.net,63,"2024-06-28 21:41:37"
175,https://norval.com,63,"2024-06-28 21:41:37"
176,https://jessy.name,64,"2024-06-28 21:41:37"
177,https://nolan.name,64,"2024-06-28 21:41:37"
178,http://devon.info,64,"2024-06-28 21:41:37"
179,http://ora.net,64,"2024-06-28 21:41:37"
180,https://vivien.com,64,"2024-06-28 21:41:37"
181,https://hilda.info,65,"2024-06-28 21:41:37"
182,https://dorcas.biz,65,"2024-06-28 21:41:37"
183,http://hettie.net,65,"2024-06-28 21:41:37"
184,http://rico.biz,65,"2024-06-28 21:41:37"
185,http://jody.biz,65,"2024-06-28 21:41:37"
186,http://sheila.com,67,"2024-06-28 21:41:37"
187,http://germaine.name,67,"2024-06-28 21:41:37"
188,https://mariane.org,67,"2024-06-28 21:41:37"
189,http://reva.com,69,"2024-06-28 21:41:37"
190,https://llewellyn.info,70,"2024-06-28 21:41:37"
191,http://ellen.info,72,"2024-06-28 21:41:37"
192,https://anahi.info,72,"2024-06-28 21:41:37"
193,https://javonte.org,72,"2024-06-28 21:41:37"
194,http://florine.org,72,"2024-06-28 21:41:37"
195,http://marcellus.info,72,"2024-06-28 21:41:37"
196,http://stan.biz,73,"2024-06-28 21:41:37"
197,http://jarred.net,77,"2024-06-28 21:41:37"
198,http://jovanny.net,77,"2024-06-28 21:41:37"
199,http://linnie.com,77,"2024-06-28 21:41:37"
200,http://dino.name,77,"2024-06-28 21:41:37"
201,https://jane.net,77,"2024-06-28 21:41:37"
202,http://laney.name,77,"2024-06-28 21:41:37"
203,http://trever.org,78,"2024-06-28 21:41:37"
204,http://emilie.net,78,"2024-06-28 21:41:37"
205,http://ted.info,78,"2024-06-28 21:41:37"
206,http://keshawn.org,78,"2024-06-28 21:41:37"
207,http://ole.info,78,"2024-06-28 21:41:37"
208,https://ford.biz,79,"2024-06-28 21:41:37"
209,https://humberto.org,82,"2024-06-28 21:41:37"
210,http://penelope.info,82,"2024-06-28 21:41:37"
211,https://dimitri.info,84,"2024-06-28 21:41:37"
212,http://cynthia.info,84,"2024-06-28 21:41:37"
213,http://princess.org,85,"2024-06-28 21:41:37"
214,https://ruthie.info,85,"2024-06-28 21:41:37"
215,https://evan.name,86,"2024-06-28 21:41:37"
216,http://deontae.org,86,"2024-06-28 21:41:37"
217,https://timmy.info,86,"2024-06-28 21:41:37"
218,http://susie.info,86,"2024-06-28 21:41:37"
219,http://hollis.com,86,"2024-06-28 21:41:37"
220,https://colt.org,86,"2024-06-28 21:41:37"
221,http://lucio.org,86,"2024-06-28 21:41:37"
222,http://germaine.org,86,"2024-06-28 21:41:37"
223,http://howard.net,86,"2024-06-28 21:41:37"
224,http://helena.name,87,"2024-06-28 21:41:37"
225,https://celestino.name,87,"2024-06-28 21:41:37"
226,http://violet.info,87,"2024-06-28 21:41:37"
227,http://nigel.biz,87,"2024-06-28 21:41:37"
228,https://noble.net,88,"2024-06-28 21:41:37"
229,https://emilia.org,88,"2024-06-28 21:41:37"
230,http://destini.net,88,"2024-06-28 21:41:37"
231,https://mariano.net,88,"2024-06-28 21:41:37"
232,https://brittany.org,88,"2024-06-28 21:41:37"
233,https://madaline.name,88,"2024-06-28 21:41:37"
234,https://devonte.name,88,"2024-06-28 21:41:37"
235,https://blanche.net,88,"2024-06-28 21:41:37"
236,http://cali.net,88,"2024-06-28 21:41:37"
237,http://mekhi.name,88,"2024-06-28 21:41:37"
238,http://adela.com,88,"2024-06-28 21:41:37"
239,https://devan.com,92,"2024-06-28 21:41:37"
240,https://jarrett.name,92,"2024-06-28 21:41:37"
241,https://sid.biz,92,"2024-06-28 21:41:37"
242,https://jadyn.name,93,"2024-06-28 21:41:37"
243,https://erik.com,93,"2024-06-28 21:41:37"
244,http://freeda.biz,94,"2024-06-28 21:41:37"
245,http://ayden.name,95,"2024-06-28 21:41:37"
246,https://kathleen.biz,95,"2024-06-28 21:41:37"
247,https://helmer.org,96,"2024-06-28 21:41:37"
248,https://maggie.info,96,"2024-06-28 21:41:37"
249,https://cecilia.net,96,"2024-06-28 21:41:37"
250,http://ayla.org,97,"2024-06-28 21:41:37"
251,https://elyssa.biz,97,"2024-06-28 21:41:37"
252,http://jennie.com,98,"2024-06-28 21:41:37"
253,http://ryleigh.info,99,"2024-06-28 21:41:37"
254,https://darien.name,99,"2024-06-28 21:41:37"
255,https://xzavier.org,99,"2024-06-28 21:41:37"
256,https://kaela.name,100,"2024-06-28 21:41:37"
257,http://dedrick.info,100,"2024-06-28 21:41:37"
